"Timestamp","Interviewee Name:","Child's Age Group:","What online platforms does your child use?","Does your child know how to make online payments?","Do you supervise your child’s online activity? How frequently?","Are there any rules or time limits which you have applied for your child's internet usage?","Does your child know not to share passwords, addresses, or personal photos online?","Has your child ever experienced or reported being contacted by strangers online?","Has your child ever experienced or reported of cyberbullying?","Has your child ever experienced or reported being exposed to inappropriate content?","Has your child ever being tricked into clicking on suspicious links or ads?  Yes or No
(If yes, please explain briefly):","Did you know how to report such incidents (e.g., in the app, to school, or authorities)?","Would you be interested in a platform that
teaches kids about cyber safety through videos?","Would you be interested in a platform that sends parents tips and alerts on cyber threats?","Would you be interested in a platform that allows you to track your child’s progress in learning about online safety?","What topics do you think should be included in cyber awareness lessons for children?","What is your biggest concern when your child is online?","What support do you expect from schools, platforms, or the government in keeping children safe online?
"
"2025/05/15 10:04:03 pm GMT+5:30","wd","< 8 yrs","Whatsapp","","asd","adaf","Yes","","No","Yes","adlf ck dvkd v","d      mmmmmmmmmmmmmmmmmmmmmmmmmmmmmmmmmmmmmmmmmmmmmmmmmmmmmmmmmmmmmmmmmmmmmmmm","Yes","No","Yes","Gaming risks;Fake news"," k v","kmkmsdvm"
"2025/05/17 5:37:52 pm GMT+5:30","Lian","< 8 yrs","You Tube","No","Yes. Always","Yes","No","No","No","No","Now ","No","Yes","Yes","Yes","Cyberbullying;Privacy and passwords","Inappropriate content and negative influence","Categories and classify content for children under 5."
"2025/05/17 8:15:31 pm GMT+5:30","Sristi Sinha ","22","You Tube;Instagram;Whatsapp","Yes","Not very frequently ","No","Yes","No","No","No","No","Yes","Yes","Yes","Yes","Cyberbullying;Online Scams;Privacy and passwords;Gaming risks;Fake news;Safe social media use","","To provide more awareness regarding all these aspects "
"2025/05/17 8:33:23 pm GMT+5:30","Radhika.H.P","13–15 yrs","You Tube;Instagram;Whatsapp;Games","Yes","Yes. Everytime","Yes","Yes","No","No","No","No","Yes","Yes","Yes","Yes","Cyberbullying;Online Scams;Privacy and passwords;Gaming risks;Fake news;Safe social media use","Safety","Safety "
"2025/05/17 8:33:43 pm GMT+5:30","","","","","","","","","","","","","","","","","",""
"2025/05/17 8:36:44 pm GMT+5:30","Aafreen Bano ","26","You Tube;Instagram;Whatsapp","Yes","Yes","No","Maybe","Maybe","No","No","No","Yes","Yes","Yes","Yes","Cyberbullying;Online Scams;Privacy and passwords;Gaming risks;Fake news;Safe social media use","She is trust very easily anyone ","No"
"2025/05/17 9:15:01 pm GMT+5:30","Archana","< 8 yrs","You Tube;Instagram","No","Yes","Yes","No","No","No","Maybe","No","Yes","Maybe","No","No","","Should not to get addicted ","Harmful or unsafe Contents should be restricted"
"2025/05/17 9:20:42 pm GMT+5:30","Spoorti Pattanashetty ","8–12 yrs","You Tube;Whatsapp;Games;Minecraft Games","Yes","not much, my son doesn't like it","Yes, but he barely follows","Yes","Maybe","No","No","not much, No","No","Yes","Yes","Yes","Cyberbullying;Online Scams;Privacy and passwords;Gaming risks;Fake news;Safe social media use","trap into Unknown and dangerous websites","Proper education and showing them more videos related to that on weekly basis.."
"2025/05/17 9:25:16 pm GMT+5:30","Nirupam Das","< 8 yrs","You Tube","No","Yes. Mostly every day. ","Max 3 hours a day. ","No","No","No","No","No","Aware of how to report to school. ","Yes","Yes","Yes","Cyberbullying;Online Scams;Privacy and passwords;Gaming risks;Fake news;Safe social media use;Discuss with parents about what you have watched online. ","Watching age inappropriate content mostly related to violence or abusive language. ","School should give education on what kind of content they are ok to watch online (like we try to make them aware of the same at home).
Platforms should ensure that age appropriate contents are shown based on the input provided by the parents.
Government should ensure these online platforms are following the regulations and penalize them if not. Also in case of any identification of any criminal, strict action should be taken. "
"2025/05/17 9:28:42 pm GMT+5:30","Kaviya ","21","You Tube;","No","Yes daily","No","No","No","No","No","","","Yes","Yes","No","Online Scams;Privacy and passwords;Gaming risks","",""
"2025/05/17 9:37:56 pm GMT+5:30","Sabreenfaize","< 8 yrs","You Tube","No","I make my child look into knowledgeable and story telling videos upto maximum 2 hours .","Yes upto 2 hrs maximum","No","No","No","No","No ","Yes ","No","No","No","Cyberbullying;Online Scams;Privacy and passwords;Gaming risks;Fake news;Safe social media use","Games","Online activity awareness"
"2025/05/17 10:05:49 pm GMT+5:30","PRASANTH M ","13–15 yrs","You Tube;Instagram;Whatsapp;Games","Yes","no ","no rules and limits ","Maybe","Maybe","Maybe","Maybe","no ","don't know ","Yes","Maybe","Yes","Cyberbullying;Online Scams;Privacy and passwords;Gaming risks;Fake news;Safe social media use","unwanted ads ","some restriction should be there "
"2025/05/17 11:56:12 pm GMT+5:30","Pradeep ","20","You Tube;Instagram;Whatsapp;Games","No","Nope ","Nope","No","No","No","No","Nope ","No ","No","No","No","Cyberbullying;Online Scams;Privacy and passwords;Gaming risks;Fake news;Safe social media use","To become scientist ","Not now"
"2025/05/18 1:06:17 am GMT+5:30","Paridhi ","4 years ","You Tube","No","Yes! On a daily basis! ","1 hour per day ","Yes","No","No","Yes","No","Not really ","Yes","Maybe","Maybe","Safe social media use","Inappropriate and adult content ","Government should ban adult content or porn sites as well as should not allow mobile phone/ social networking sites until 16 "
"2025/05/18 6:02:59 am GMT+5:30","Pavithra ","< 8 yrs","You Tube","No","Everytime ","Yes ","No","No","No","Yes","Mostly we use kids youtube, but sometimes he use youtube that time some unwanted ad will come like online rummy etc.","Not exactly ","Yes","Yes","Yes","Safe social media use","To lessen screen time","Simple Activities for kids to engage them regularly, & reduce their screen time"
"2025/05/18 9:20:21 am GMT+5:30","Gajalakshmi kumar","8–12 yrs","Games","Yes","Always i saw mobile history ","S i gave only 30 minutes and change my mobile setting also.","Yes","No","No","Yes","No","No","Maybe","Yes","Yes","Gaming risks","My concern is  Worst video and glamour dress. ","My opinion is fully depend upon parents 
Control. "
"2025/05/18 9:33:17 am GMT+5:30","Debaki Saha","8–12 yrs","You Tube","Yes","Yes.. frequently ","Yes","Yes","No","No","No","No","","Yes","Yes","Yes","Cyberbullying;Online Scams;Privacy and passwords;Fake news;Safe social media use","",""
"2025/05/18 11:22:14 am GMT+5:30","Nagaveni ","8–12 yrs","You Tube;Whatsapp","No","Yes..","Yes..","Yes","No","No","No","No","Yes","Yes","Yes","Yes","Cyberbullying;Online Scams;Privacy and passwords;Gaming risks;Fake news;Safe social media use","Health and psychological problems.. Not concentrating in studies ","Yes "
"2025/05/18 2:11:42 pm GMT+5:30","Jayapriya Raguraman","13–15 yrs","You Tube;Instagram;Whatsapp","Yes","Yes","Yes","Yes","No","No","No","No","Yes","Yes","Yes","Yes","Cyberbullying;Privacy and passwords;Gaming risks;Safe social media use","Safety","Classes on risk management and safety online"
"2025/05/18 2:11:48 pm GMT+5:30","","","","","","","","","","","","","","","","","",""
"2025/05/18 2:36:44 pm GMT+5:30","Pratigya Raghuvanshi","< 8 yrs","You Tube;Games","No","Almost everyday","Only half an hour a day","Yes","No","No","Yes","No","Yes","Yes","Yes","Yes","Cyberbullying;Online Scams;Privacy and passwords;Gaming risks","Exposure to online threats","Preach Safe and limited usage of internet along with helping with cyber bullying "
"2025/05/19 7:29:46 am GMT+5:30","Post pandi","8–12 yrs","You Tube","No","No","No","Yes","Yes","No","No","Yes","No","Yes","Yes","Yes","Cyberbullying;Online Scams;Privacy and passwords;Gaming risks;Fake news;Safe social media use","Gaming risk ","Yes "
"2025/05/19 2:58:09 pm GMT+5:30","","","Whatsapp","No","Yes","Yes","Yes","No","No","Yes","No","Yes","Yes","Yes","Yes","Cyberbullying;Online Scams;Privacy and passwords;Safe social media use","",""